{"cameraMode":{"drawMode":0,"name":"Shaded","section":"Shading Mode"},"sceneLighting":false,"audioPlay":false,"sceneViewState":{"showFog":false,"showMaterialUpdate":false,"showSkybox":false,"showFlares":false,"showImageEffects":true,"showParticleSystems":false},"in2DMode":false,"pivot":{"x":5.1183390617370609,"y":0.5307420492172241,"z":-6.25091552734375},"rotation":{"x":-0.10430129617452622,"y":0.8850029110908508,"z":-0.23951856791973115,"w":-0.3853859007358551},"size":4.533390045166016,"orthographic":false}